frame_index,wall_clock_utc
0,2026-08-03T22:34:01.809477+00:00
1,2026-08-03T22:34:02.026035+00:00
2,2026-08-03T22:34:02.242034+00:00
3,2026-08-03T22:34:02.456979+00:00
4,2026-08-03T22:34:02.672791+00:00
5,2026-08-03T22:34:02.888860+00:00
6,2026-08-03T22:34:03.103767+00:00
7,2026-08-03T22:34:03.318556+00:00
8,2026-08-03T22:34:03.532870+00:00
9,2026-08-03T22:34:03.748043+00:00
10,2026-08-03T22:34:03.962726+00:00
11,2026-08-03T22:34:04.177249+00:00
12,2026-08-03T22:34:04.392190+00:00
13,2026-08-03T22:34:04.605627+00:00
14,2026-08-03T22:34:04.820310+00:00
15,2026-08-03T22:34:05.035481+00:00
16,2026-08-03T22:34:05.249999+00:00
17,2026-08-03T22:34:05.464214+00:00
18,2026-08-03T22:34:05.679170+00:00
19,2026-08-03T22:34:05.894189+00:00
20,2026-08-03T22:34:06.108432+00:00
21,2026-08-03T22:34:06.323273+00:00
22,2026-08-03T22:34:06.537244+00:00
23,2026-08-03T22:34:06.751055+00:00
24,2026-08-03T22:34:06.965360+00:00
25,2026-08-03T22:34:07.179177+00:00
26,2026-08-03T22:34:07.393393+00:00
27,2026-08-03T22:34:07.607881+00:00
28,2026-08-03T22:34:07.823111+00:00
29,2026-08-03T22:34:08.037209+00:00
30,2026-08-03T22:34:08.251728+00:00
31,2026-08-03T22:34:08.465957+00:00
32,2026-08-03T22:34:08.680253+00:00
33,2026-08-03T22:34:08.894199+00:00
34,2026-08-03T22:34:09.108342+00:00
35,2026-08-03T22:34:09.323195+00:00
36,2026-08-03T22:34:09.537230+00:00
37,2026-08-03T22:34:09.751319+00:00
38,2026-08-03T22:34:09.965153+00:00
39,2026-08-03T22:34:10.179183+00:00
40,2026-08-03T22:34:10.393267+00:00
41,2026-08-03T22:34:10.608306+00:00
42,2026-08-03T22:34:10.822892+00:00
43,2026-08-03T22:34:11.036754+00:00
44,2026-08-03T22:34:11.250835+00:00
45,2026-08-03T22:34:11.465226+00:00
46,2026-08-03T22:34:11.679248+00:00
47,2026-08-03T22:34:11.893444+00:00
48,2026-08-03T22:34:12.108619+00:00
49,2026-08-03T22:34:12.323412+00:00
50,2026-08-03T22:34:12.538302+00:00
51,2026-08-03T22:34:12.752395+00:00
52,2026-08-03T22:34:12.966363+00:00
53,2026-08-03T22:34:13.180299+00:00
54,2026-08-03T22:34:13.395254+00:00
55,2026-08-03T22:34:13.609884+00:00
56,2026-08-03T22:34:13.824495+00:00
57,2026-08-03T22:34:14.039422+00:00
58,2026-08-03T22:34:14.253409+00:00
59,2026-08-03T22:34:14.468262+00:00
60,2026-08-03T22:34:14.682529+00:00
61,2026-08-03T22:34:14.897333+00:00
62,2026-08-03T22:34:15.112205+00:00
63,2026-08-03T22:34:15.327145+00:00
64,2026-08-03T22:34:15.542125+00:00
65,2026-08-03T22:34:15.756978+00:00
66,2026-08-03T22:34:15.971568+00:00
67,2026-08-03T22:34:16.186461+00:00
68,2026-08-03T22:34:16.401254+00:00
69,2026-08-03T22:34:16.616779+00:00
70,2026-08-03T22:34:16.831735+00:00
71,2026-08-03T22:34:17.047272+00:00
72,2026-08-03T22:34:17.261961+00:00
73,2026-08-03T22:34:17.475794+00:00
74,2026-08-03T22:34:17.691087+00:00
75,2026-08-03T22:34:17.905295+00:00
76,2026-08-03T22:34:18.119967+00:00
77,2026-08-03T22:34:18.334082+00:00
78,2026-08-03T22:34:18.548078+00:00
79,2026-08-03T22:34:18.762353+00:00
80,2026-08-03T22:34:18.976489+00:00
81,2026-08-03T22:34:19.189890+00:00
82,2026-08-03T22:34:19.403399+00:00
83,2026-08-03T22:34:19.617063+00:00
84,2026-08-03T22:34:19.831434+00:00
85,2026-08-03T22:34:20.044950+00:00
86,2026-08-03T22:34:20.260001+00:00
87,2026-08-03T22:34:20.475338+00:00
88,2026-08-03T22:34:20.689275+00:00
89,2026-08-03T22:34:20.903427+00:00
90,2026-08-03T22:34:21.117464+00:00
91,2026-08-03T22:34:21.332338+00:00
92,2026-08-03T22:34:21.546450+00:00
93,2026-08-03T22:34:21.761111+00:00
94,2026-08-03T22:34:21.974696+00:00
95,2026-08-03T22:34:22.188437+00:00
96,2026-08-03T22:34:22.402452+00:00
97,2026-08-03T22:34:22.616033+00:00
98,2026-08-03T22:34:22.830475+00:00
99,2026-08-03T22:34:23.044678+00:00
100,2026-08-03T22:34:23.259088+00:00
101,2026-08-03T22:34:23.474178+00:00
102,2026-08-03T22:34:23.688091+00:00
103,2026-08-03T22:34:23.902868+00:00
104,2026-08-03T22:34:24.117328+00:00
105,2026-08-03T22:34:24.331542+00:00
106,2026-08-03T22:34:24.544691+00:00
107,2026-08-03T22:34:24.758539+00:00
108,2026-08-03T22:34:24.972060+00:00
109,2026-08-03T22:34:25.185437+00:00
110,2026-08-03T22:34:25.399428+00:00
111,2026-08-03T22:34:25.614659+00:00
112,2026-08-03T22:34:25.828553+00:00
113,2026-08-03T22:34:26.043253+00:00
114,2026-08-03T22:34:26.257583+00:00
115,2026-08-03T22:34:26.471618+00:00
116,2026-08-03T22:34:26.686035+00:00
117,2026-08-03T22:34:26.900410+00:00
118,2026-08-03T22:34:27.114293+00:00
119,2026-08-03T22:34:27.328786+00:00
120,2026-08-03T22:34:27.543017+00:00
121,2026-08-03T22:34:27.757244+00:00
122,2026-08-03T22:34:27.970975+00:00
123,2026-08-03T22:34:28.184936+00:00
124,2026-08-03T22:34:28.399258+00:00
125,2026-08-03T22:34:28.613451+00:00
126,2026-08-03T22:34:28.827958+00:00
127,2026-08-03T22:34:29.041920+00:00
128,2026-08-03T22:34:29.256346+00:00
129,2026-08-03T22:34:29.470163+00:00
130,2026-08-03T22:34:29.684376+00:00
131,2026-08-03T22:34:29.899150+00:00
132,2026-08-03T22:34:30.114006+00:00
133,2026-08-03T22:34:30.328485+00:00
134,2026-08-03T22:34:30.543910+00:00
135,2026-08-03T22:34:30.758894+00:00
136,2026-08-03T22:34:30.973651+00:00
137,2026-08-03T22:34:31.187749+00:00
138,2026-08-03T22:34:31.401995+00:00
139,2026-08-03T22:34:31.616662+00:00
140,2026-08-03T22:34:31.831129+00:00
141,2026-08-03T22:34:32.044893+00:00
142,2026-08-03T22:34:32.259943+00:00
143,2026-08-03T22:34:32.474617+00:00
144,2026-08-03T22:34:32.688556+00:00
145,2026-08-03T22:34:32.902838+00:00
146,2026-08-03T22:34:33.117717+00:00
147,2026-08-03T22:34:33.332726+00:00
148,2026-08-03T22:34:33.547712+00:00
149,2026-08-03T22:34:33.761906+00:00
150,2026-08-03T22:34:33.976719+00:00
151,2026-08-03T22:34:34.192297+00:00
152,2026-08-03T22:34:34.406998+00:00
153,2026-08-03T22:34:34.621837+00:00
154,2026-08-03T22:34:34.835915+00:00
155,2026-08-03T22:34:35.051202+00:00
156,2026-08-03T22:34:35.265701+00:00
157,2026-08-03T22:34:35.479548+00:00
158,2026-08-03T22:34:35.693451+00:00
159,2026-08-03T22:34:35.907605+00:00
160,2026-08-03T22:34:36.122267+00:00
161,2026-08-03T22:34:36.337644+00:00
162,2026-08-03T22:34:36.552635+00:00
163,2026-08-03T22:34:36.767569+00:00
164,2026-08-03T22:34:36.983197+00:00
165,2026-08-03T22:34:37.198149+00:00
166,2026-08-03T22:34:37.412797+00:00
167,2026-08-03T22:34:37.627657+00:00
168,2026-08-03T22:34:37.841983+00:00
169,2026-08-03T22:34:38.056965+00:00
170,2026-08-03T22:34:38.271129+00:00
171,2026-08-03T22:34:38.485275+00:00
172,2026-08-03T22:34:38.699193+00:00
173,2026-08-03T22:34:38.913387+00:00
174,2026-08-03T22:34:39.128599+00:00
175,2026-08-03T22:34:39.343874+00:00
176,2026-08-03T22:34:39.558728+00:00
177,2026-08-03T22:34:39.772225+00:00
178,2026-08-03T22:34:39.986059+00:00
179,2026-08-03T22:34:40.200198+00:00
180,2026-08-03T22:34:40.414123+00:00
181,2026-08-03T22:34:40.629164+00:00
182,2026-08-03T22:34:40.843687+00:00
183,2026-08-03T22:34:41.058849+00:00
184,2026-08-03T22:34:41.273063+00:00
185,2026-08-03T22:34:41.486574+00:00
186,2026-08-03T22:34:41.700930+00:00
187,2026-08-03T22:34:41.914942+00:00
188,2026-08-03T22:34:42.129214+00:00
189,2026-08-03T22:34:42.343232+00:00
190,2026-08-03T22:34:42.558721+00:00
191,2026-08-03T22:34:42.773201+00:00
192,2026-08-03T22:34:42.987789+00:00
193,2026-08-03T22:34:43.202054+00:00
194,2026-08-03T22:34:43.416691+00:00
195,2026-08-03T22:34:43.631124+00:00
196,2026-08-03T22:34:43.845311+00:00
197,2026-08-03T22:34:44.060531+00:00
198,2026-08-03T22:34:44.275422+00:00
199,2026-08-03T22:34:44.489958+00:00
200,2026-08-03T22:34:44.705034+00:00
201,2026-08-03T22:34:44.920211+00:00
202,2026-08-03T22:34:45.133983+00:00
203,2026-08-03T22:34:45.348027+00:00
204,2026-08-03T22:34:45.564443+00:00
205,2026-08-03T22:34:45.777701+00:00
206,2026-08-03T22:34:45.992228+00:00
207,2026-08-03T22:34:46.206623+00:00
208,2026-08-03T22:34:46.421600+00:00
209,2026-08-03T22:34:46.636255+00:00
210,2026-08-03T22:34:46.851152+00:00
211,2026-08-03T22:34:47.066975+00:00
212,2026-08-03T22:34:47.281737+00:00
213,2026-08-03T22:34:47.496223+00:00
214,2026-08-03T22:34:47.711851+00:00
215,2026-08-03T22:34:47.927224+00:00
216,2026-08-03T22:34:48.141953+00:00
217,2026-08-03T22:34:48.356173+00:00
218,2026-08-03T22:34:48.570966+00:00
219,2026-08-03T22:34:48.785604+00:00
220,2026-08-03T22:34:49.000562+00:00
221,2026-08-03T22:34:49.214906+00:00
222,2026-08-03T22:34:49.430303+00:00
223,2026-08-03T22:34:49.644455+00:00
224,2026-08-03T22:34:49.859107+00:00
225,2026-08-03T22:34:50.073238+00:00
226,2026-08-03T22:34:50.287584+00:00
227,2026-08-03T22:34:50.501648+00:00
228,2026-08-03T22:34:50.714935+00:00
229,2026-08-03T22:34:50.929116+00:00
230,2026-08-03T22:34:51.143445+00:00
231,2026-08-03T22:34:51.358156+00:00
232,2026-08-03T22:34:51.573149+00:00
233,2026-08-03T22:34:51.786624+00:00
234,2026-08-03T22:34:52.000534+00:00
235,2026-08-03T22:34:52.214302+00:00
236,2026-08-03T22:34:52.428349+00:00
237,2026-08-03T22:34:52.642653+00:00
238,2026-08-03T22:34:52.857210+00:00
239,2026-08-03T22:34:53.071601+00:00
240,2026-08-03T22:34:53.285977+00:00
241,2026-08-03T22:34:53.500495+00:00
242,2026-08-03T22:34:53.715172+00:00
243,2026-08-03T22:34:53.930222+00:00
244,2026-08-03T22:34:54.145829+00:00
245,2026-08-03T22:34:54.361180+00:00
246,2026-08-03T22:34:54.575631+00:00
247,2026-08-03T22:34:54.790341+00:00
248,2026-08-03T22:34:55.004972+00:00
249,2026-08-03T22:34:55.220327+00:00
250,2026-08-03T22:34:55.434038+00:00
251,2026-08-03T22:34:55.648367+00:00
252,2026-08-03T22:34:55.861941+00:00
253,2026-08-03T22:34:56.075792+00:00
254,2026-08-03T22:34:56.290478+00:00
255,2026-08-03T22:34:56.504617+00:00
256,2026-08-03T22:34:56.719358+00:00
257,2026-08-03T22:34:56.933010+00:00
258,2026-08-03T22:34:57.146985+00:00
259,2026-08-03T22:34:57.361415+00:00
260,2026-08-03T22:34:57.575886+00:00
261,2026-08-03T22:34:57.790416+00:00
262,2026-08-03T22:34:58.004870+00:00
263,2026-08-03T22:34:58.219990+00:00
264,2026-08-03T22:34:58.434338+00:00
265,2026-08-03T22:34:58.647978+00:00
266,2026-08-03T22:34:58.862441+00:00
267,2026-08-03T22:34:59.076415+00:00
268,2026-08-03T22:34:59.291152+00:00
269,2026-08-03T22:34:59.505320+00:00
270,2026-08-03T22:34:59.719958+00:00
271,2026-08-03T22:34:59.934169+00:00
272,2026-08-03T22:35:00.148058+00:00
273,2026-08-03T22:35:00.362203+00:00
274,2026-08-03T22:35:00.576479+00:00
275,2026-08-03T22:35:00.790388+00:00
276,2026-08-03T22:35:01.004434+00:00
277,2026-08-03T22:35:01.219208+00:00
278,2026-08-03T22:35:01.434209+00:00
279,2026-08-03T22:35:01.648883+00:00
280,2026-08-03T22:35:01.862801+00:00
281,2026-08-03T22:35:02.077395+00:00
282,2026-08-03T22:35:02.291800+00:00
283,2026-08-03T22:35:02.505780+00:00
284,2026-08-03T22:35:02.719875+00:00
285,2026-08-03T22:35:02.934259+00:00
286,2026-08-03T22:35:03.148051+00:00
287,2026-08-03T22:35:03.363821+00:00
288,2026-08-03T22:35:03.578603+00:00
289,2026-08-03T22:35:03.793085+00:00
290,2026-08-03T22:35:04.008096+00:00
291,2026-08-03T22:35:04.222463+00:00
292,2026-08-03T22:35:04.436766+00:00
293,2026-08-03T22:35:04.651767+00:00
294,2026-08-03T22:35:04.865344+00:00
295,2026-08-03T22:35:05.079775+00:00
296,2026-08-03T22:35:05.294698+00:00
297,2026-08-03T22:35:05.509344+00:00
298,2026-08-03T22:35:05.722850+00:00
299,2026-08-03T22:35:05.936595+00:00
300,2026-08-03T22:35:06.149864+00:00
301,2026-08-03T22:35:06.363458+00:00
302,2026-08-03T22:35:06.577211+00:00
303,2026-08-03T22:35:06.791630+00:00
304,2026-08-03T22:35:07.006911+00:00
305,2026-08-03T22:35:07.222136+00:00
306,2026-08-03T22:35:07.436496+00:00
307,2026-08-03T22:35:07.650025+00:00
308,2026-08-03T22:35:07.864136+00:00
309,2026-08-03T22:35:08.078244+00:00
310,2026-08-03T22:35:08.292360+00:00
311,2026-08-03T22:35:08.505988+00:00
312,2026-08-03T22:35:08.720164+00:00
313,2026-08-03T22:35:08.934423+00:00
314,2026-08-03T22:35:09.148208+00:00
315,2026-08-03T22:35:09.362956+00:00
316,2026-08-03T22:35:09.576490+00:00
317,2026-08-03T22:35:09.791182+00:00
318,2026-08-03T22:35:10.005985+00:00
319,2026-08-03T22:35:10.221171+00:00
320,2026-08-03T22:35:10.436593+00:00
321,2026-08-03T22:35:10.651354+00:00
322,2026-08-03T22:35:10.865339+00:00
323,2026-08-03T22:35:11.079626+00:00
324,2026-08-03T22:35:11.293797+00:00
325,2026-08-03T22:35:11.508172+00:00
326,2026-08-03T22:35:11.722018+00:00
327,2026-08-03T22:35:11.936603+00:00
328,2026-08-03T22:35:12.150717+00:00
329,2026-08-03T22:35:12.365331+00:00
330,2026-08-03T22:35:12.580182+00:00
331,2026-08-03T22:35:12.794430+00:00
332,2026-08-03T22:35:13.009331+00:00
333,2026-08-03T22:35:13.224231+00:00
334,2026-08-03T22:35:13.438145+00:00
335,2026-08-03T22:35:13.652149+00:00
336,2026-08-03T22:35:13.866447+00:00
337,2026-08-03T22:35:14.080274+00:00
338,2026-08-03T22:35:14.294370+00:00
339,2026-08-03T22:35:14.508748+00:00
340,2026-08-03T22:35:14.723581+00:00
341,2026-08-03T22:35:14.937334+00:00
342,2026-08-03T22:35:15.152205+00:00
343,2026-08-03T22:35:15.366429+00:00
344,2026-08-03T22:35:15.579993+00:00
345,2026-08-03T22:35:15.793771+00:00
346,2026-08-03T22:35:16.007321+00:00
347,2026-08-03T22:35:16.222209+00:00
348,2026-08-03T22:35:16.436094+00:00
349,2026-08-03T22:35:16.649936+00:00
350,2026-08-03T22:35:16.864087+00:00
351,2026-08-03T22:35:17.078773+00:00
352,2026-08-03T22:35:17.292715+00:00
353,2026-08-03T22:35:17.506878+00:00
354,2026-08-03T22:35:17.721222+00:00
355,2026-08-03T22:35:17.935781+00:00
356,2026-08-03T22:35:18.150071+00:00
357,2026-08-03T22:35:18.364407+00:00
358,2026-08-03T22:35:18.579190+00:00
359,2026-08-03T22:35:18.793286+00:00
360,2026-08-03T22:35:19.008287+00:00
361,2026-08-03T22:35:19.222320+00:00
362,2026-08-03T22:35:19.436013+00:00
363,2026-08-03T22:35:19.650887+00:00
364,2026-08-03T22:35:19.865662+00:00
365,2026-08-03T22:35:20.080202+00:00
366,2026-08-03T22:35:20.294183+00:00
367,2026-08-03T22:35:20.508385+00:00
368,2026-08-03T22:35:20.723007+00:00
369,2026-08-03T22:35:20.939192+00:00
370,2026-08-03T22:35:21.154098+00:00
371,2026-08-03T22:35:21.368406+00:00
372,2026-08-03T22:35:21.582541+00:00
373,2026-08-03T22:35:21.795949+00:00
374,2026-08-03T22:35:22.011080+00:00
375,2026-08-03T22:35:22.226113+00:00
376,2026-08-03T22:35:22.440501+00:00
377,2026-08-03T22:35:22.654962+00:00
378,2026-08-03T22:35:22.869578+00:00
379,2026-08-03T22:35:23.083875+00:00
380,2026-08-03T22:35:23.298542+00:00
381,2026-08-03T22:35:23.513696+00:00
382,2026-08-03T22:35:23.728313+00:00
383,2026-08-03T22:35:23.942166+00:00
384,2026-08-03T22:35:24.155937+00:00
385,2026-08-03T22:35:24.370339+00:00
386,2026-08-03T22:35:24.584991+00:00
387,2026-08-03T22:35:24.799093+00:00
388,2026-08-03T22:35:25.013652+00:00
389,2026-08-03T22:35:25.228490+00:00
390,2026-08-03T22:35:25.443267+00:00
391,2026-08-03T22:35:25.658054+00:00
392,2026-08-03T22:35:25.871549+00:00
393,2026-08-03T22:35:26.085298+00:00
394,2026-08-03T22:35:26.299370+00:00
395,2026-08-03T22:35:26.513774+00:00
396,2026-08-03T22:35:26.727405+00:00
397,2026-08-03T22:35:26.941000+00:00
398,2026-08-03T22:35:27.155399+00:00
399,2026-08-03T22:35:27.370648+00:00
400,2026-08-03T22:35:27.584664+00:00
401,2026-08-03T22:35:27.798914+00:00
402,2026-08-03T22:35:28.012840+00:00
403,2026-08-03T22:35:28.227315+00:00
404,2026-08-03T22:35:28.441205+00:00
405,2026-08-03T22:35:28.655968+00:00
406,2026-08-03T22:35:28.870165+00:00
407,2026-08-03T22:35:29.084298+00:00
408,2026-08-03T22:35:29.298475+00:00
409,2026-08-03T22:35:29.512996+00:00
410,2026-08-03T22:35:29.727895+00:00
411,2026-08-03T22:35:29.942283+00:00
412,2026-08-03T22:35:30.156466+00:00
413,2026-08-03T22:35:30.372872+00:00
414,2026-08-03T22:35:30.586580+00:00
415,2026-08-03T22:35:30.800969+00:00
416,2026-08-03T22:35:31.015038+00:00
417,2026-08-03T22:35:31.229321+00:00
418,2026-08-03T22:35:31.443532+00:00
419,2026-08-03T22:35:31.657617+00:00
420,2026-08-03T22:35:31.870723+00:00
421,2026-08-03T22:35:32.084492+00:00
422,2026-08-03T22:35:32.298883+00:00
423,2026-08-03T22:35:32.513160+00:00
424,2026-08-03T22:35:32.727475+00:00
425,2026-08-03T22:35:32.941689+00:00
426,2026-08-03T22:35:33.155565+00:00
427,2026-08-03T22:35:33.369986+00:00
428,2026-08-03T22:35:33.584084+00:00
429,2026-08-03T22:35:33.798202+00:00
430,2026-08-03T22:35:34.012188+00:00
431,2026-08-03T22:35:34.227184+00:00
432,2026-08-03T22:35:34.441246+00:00
433,2026-08-03T22:35:34.654956+00:00
434,2026-08-03T22:35:34.869005+00:00
435,2026-08-03T22:35:35.083135+00:00
436,2026-08-03T22:35:35.297151+00:00
437,2026-08-03T22:35:35.513264+00:00
438,2026-08-03T22:35:35.727578+00:00
439,2026-08-03T22:35:35.942553+00:00
440,2026-08-03T22:35:36.156107+00:00
441,2026-08-03T22:35:36.370644+00:00
442,2026-08-03T22:35:36.585236+00:00
443,2026-08-03T22:35:36.799559+00:00
444,2026-08-03T22:35:37.014073+00:00
445,2026-08-03T22:35:37.227776+00:00
446,2026-08-03T22:35:37.442603+00:00
447,2026-08-03T22:35:37.656494+00:00
448,2026-08-03T22:35:37.869830+00:00
449,2026-08-03T22:35:38.084497+00:00
450,2026-08-03T22:35:38.298916+00:00
451,2026-08-03T22:35:38.514566+00:00
452,2026-08-03T22:35:38.729859+00:00
453,2026-08-03T22:35:38.944630+00:00
454,2026-08-03T22:35:39.158353+00:00
455,2026-08-03T22:35:39.372244+00:00
456,2026-08-03T22:35:39.585584+00:00
457,2026-08-03T22:35:39.799952+00:00
458,2026-08-03T22:35:40.014074+00:00
459,2026-08-03T22:35:40.228087+00:00
460,2026-08-03T22:35:40.442730+00:00
461,2026-08-03T22:35:40.656451+00:00
462,2026-08-03T22:35:40.872064+00:00
463,2026-08-03T22:35:41.086189+00:00
464,2026-08-03T22:35:41.300016+00:00
465,2026-08-03T22:35:41.514360+00:00
466,2026-08-03T22:35:41.728953+00:00
467,2026-08-03T22:35:41.943240+00:00
468,2026-08-03T22:35:42.157571+00:00
469,2026-08-03T22:35:42.371170+00:00
470,2026-08-03T22:35:42.585548+00:00
471,2026-08-03T22:35:42.800462+00:00
472,2026-08-03T22:35:43.015019+00:00
473,2026-08-03T22:35:43.229460+00:00
474,2026-08-03T22:35:43.444303+00:00
475,2026-08-03T22:35:43.658183+00:00
476,2026-08-03T22:35:43.872543+00:00
477,2026-08-03T22:35:44.086831+00:00
478,2026-08-03T22:35:44.301090+00:00
479,2026-08-03T22:35:44.516633+00:00
480,2026-08-03T22:35:44.731400+00:00
481,2026-08-03T22:35:44.945227+00:00
482,2026-08-03T22:35:45.159318+00:00
483,2026-08-03T22:35:45.374473+00:00
484,2026-08-03T22:35:45.588542+00:00
485,2026-08-03T22:35:45.801986+00:00
486,2026-08-03T22:35:46.016303+00:00
487,2026-08-03T22:35:46.230528+00:00
488,2026-08-03T22:35:46.443978+00:00
489,2026-08-03T22:35:46.658905+00:00
490,2026-08-03T22:35:46.872462+00:00
491,2026-08-03T22:35:47.087017+00:00
492,2026-08-03T22:35:47.302675+00:00
493,2026-08-03T22:35:47.517180+00:00
494,2026-08-03T22:35:47.731901+00:00
495,2026-08-03T22:35:47.945948+00:00
496,2026-08-03T22:35:48.160112+00:00
497,2026-08-03T22:35:48.374179+00:00
498,2026-08-03T22:35:48.588370+00:00
499,2026-08-03T22:35:48.802901+00:00
500,2026-08-03T22:35:49.017740+00:00
501,2026-08-03T22:35:49.231704+00:00
502,2026-08-03T22:35:49.445171+00:00
503,2026-08-03T22:35:49.659069+00:00
504,2026-08-03T22:35:49.874076+00:00
505,2026-08-03T22:35:50.088222+00:00
506,2026-08-03T22:35:50.302479+00:00
507,2026-08-03T22:35:50.517162+00:00
508,2026-08-03T22:35:50.731218+00:00
509,2026-08-03T22:35:50.946112+00:00
510,2026-08-03T22:35:51.160469+00:00
511,2026-08-03T22:35:51.375263+00:00
512,2026-08-03T22:35:51.589266+00:00
513,2026-08-03T22:35:51.804407+00:00
514,2026-08-03T22:35:52.019009+00:00
515,2026-08-03T22:35:52.233345+00:00
516,2026-08-03T22:35:52.447851+00:00
517,2026-08-03T22:35:52.661251+00:00
518,2026-08-03T22:35:52.876073+00:00
519,2026-08-03T22:35:53.090698+00:00
520,2026-08-03T22:35:53.304885+00:00
521,2026-08-03T22:35:53.519843+00:00
522,2026-08-03T22:35:53.734293+00:00
523,2026-08-03T22:35:53.948280+00:00
524,2026-08-03T22:35:54.162961+00:00
525,2026-08-03T22:35:54.376688+00:00
526,2026-08-03T22:35:54.591178+00:00
527,2026-08-03T22:35:54.805069+00:00
528,2026-08-03T22:35:55.019562+00:00
529,2026-08-03T22:35:55.233030+00:00
530,2026-08-03T22:35:55.447841+00:00
531,2026-08-03T22:35:55.662444+00:00
532,2026-08-03T22:35:55.876690+00:00
533,2026-08-03T22:35:56.090633+00:00
534,2026-08-03T22:35:56.305015+00:00
535,2026-08-03T22:35:56.520723+00:00
536,2026-08-03T22:35:56.735371+00:00
537,2026-08-03T22:35:56.949124+00:00
538,2026-08-03T22:35:57.163046+00:00
539,2026-08-03T22:35:57.377601+00:00
540,2026-08-03T22:35:57.591611+00:00
541,2026-08-03T22:35:57.805546+00:00
542,2026-08-03T22:35:58.020937+00:00
543,2026-08-03T22:35:58.235584+00:00
544,2026-08-03T22:35:58.450107+00:00
545,2026-08-03T22:35:58.664573+00:00
546,2026-08-03T22:35:58.878856+00:00
547,2026-08-03T22:35:59.092890+00:00
548,2026-08-03T22:35:59.306497+00:00
549,2026-08-03T22:35:59.521197+00:00
550,2026-08-03T22:35:59.735463+00:00
551,2026-08-03T22:35:59.950236+00:00
552,2026-08-03T22:36:00.164403+00:00
553,2026-08-03T22:36:00.378354+00:00
554,2026-08-03T22:36:00.594197+00:00
555,2026-08-03T22:36:00.808147+00:00
556,2026-08-03T22:36:01.022257+00:00
557,2026-08-03T22:36:01.236815+00:00
558,2026-08-03T22:36:01.451165+00:00
559,2026-08-03T22:36:01.665460+00:00
560,2026-08-03T22:36:01.880035+00:00
561,2026-08-03T22:36:02.093188+00:00
562,2026-08-03T22:36:02.306960+00:00
563,2026-08-03T22:36:02.521345+00:00
564,2026-08-03T22:36:02.735902+00:00
565,2026-08-03T22:36:02.950261+00:00
566,2026-08-03T22:36:03.164605+00:00
567,2026-08-03T22:36:03.378783+00:00
568,2026-08-03T22:36:03.594411+00:00
569,2026-08-03T22:36:03.809502+00:00
570,2026-08-03T22:36:04.024105+00:00
571,2026-08-03T22:36:04.238093+00:00
572,2026-08-03T22:36:04.452179+00:00
573,2026-08-03T22:36:04.667993+00:00
574,2026-08-03T22:36:04.882195+00:00
575,2026-08-03T22:36:05.096465+00:00
576,2026-08-03T22:36:05.311001+00:00
577,2026-08-03T22:36:05.525074+00:00
578,2026-08-03T22:36:05.739982+00:00
579,2026-08-03T22:36:05.954216+00:00
580,2026-08-03T22:36:06.168999+00:00
581,2026-08-03T22:36:06.382630+00:00
582,2026-08-03T22:36:06.596457+00:00
583,2026-08-03T22:36:06.811197+00:00
584,2026-08-03T22:36:07.025744+00:00
585,2026-08-03T22:36:07.243186+00:00
586,2026-08-03T22:36:07.457291+00:00
587,2026-08-03T22:36:07.671462+00:00
588,2026-08-03T22:36:07.886220+00:00
589,2026-08-03T22:36:08.099701+00:00
590,2026-08-03T22:36:08.314482+00:00
591,2026-08-03T22:36:08.528986+00:00
592,2026-08-03T22:36:08.744133+00:00
593,2026-08-03T22:36:08.957722+00:00
594,2026-08-03T22:36:09.171187+00:00
595,2026-08-03T22:36:09.385284+00:00
596,2026-08-03T22:36:09.599889+00:00
597,2026-08-03T22:36:09.814184+00:00
598,2026-08-03T22:36:10.028600+00:00
599,2026-08-03T22:36:10.242545+00:00
600,2026-08-03T22:36:10.456792+00:00
601,2026-08-03T22:36:10.670352+00:00
602,2026-08-03T22:36:10.883707+00:00
603,2026-08-03T22:36:11.097271+00:00
604,2026-08-03T22:36:11.311451+00:00
605,2026-08-03T22:36:11.525733+00:00
606,2026-08-03T22:36:11.740046+00:00
607,2026-08-03T22:36:11.955243+00:00
608,2026-08-03T22:36:12.169698+00:00
609,2026-08-03T22:36:12.384231+00:00
610,2026-08-03T22:36:12.598570+00:00
611,2026-08-03T22:36:12.813401+00:00
612,2026-08-03T22:36:13.027731+00:00
613,2026-08-03T22:36:13.242131+00:00
614,2026-08-03T22:36:13.457338+00:00
615,2026-08-03T22:36:13.672136+00:00
616,2026-08-03T22:36:13.886464+00:00
617,2026-08-03T22:36:14.100905+00:00
618,2026-08-03T22:36:14.315989+00:00
619,2026-08-03T22:36:14.530472+00:00
620,2026-08-03T22:36:14.744623+00:00
621,2026-08-03T22:36:14.959322+00:00
622,2026-08-03T22:36:15.173819+00:00
623,2026-08-03T22:36:15.388475+00:00
624,2026-08-03T22:36:15.602920+00:00
625,2026-08-03T22:36:15.817189+00:00
626,2026-08-03T22:36:16.031708+00:00
627,2026-08-03T22:36:16.246060+00:00
628,2026-08-03T22:36:16.461190+00:00
629,2026-08-03T22:36:16.675229+00:00
630,2026-08-03T22:36:16.889211+00:00
631,2026-08-03T22:36:17.103751+00:00
632,2026-08-03T22:36:17.318302+00:00
633,2026-08-03T22:36:17.533337+00:00
634,2026-08-03T22:36:17.747452+00:00
635,2026-08-03T22:36:17.962377+00:00
636,2026-08-03T22:36:18.176651+00:00
637,2026-08-03T22:36:18.390405+00:00
638,2026-08-03T22:36:18.604756+00:00
639,2026-08-03T22:36:18.820586+00:00
640,2026-08-03T22:36:19.035167+00:00
641,2026-08-03T22:36:19.250048+00:00
642,2026-08-03T22:36:19.464150+00:00
643,2026-08-03T22:36:19.679257+00:00
644,2026-08-03T22:36:19.893685+00:00
645,2026-08-03T22:36:20.108845+00:00
646,2026-08-03T22:36:20.323616+00:00
647,2026-08-03T22:36:20.537726+00:00
648,2026-08-03T22:36:20.752703+00:00
649,2026-08-03T22:36:20.967065+00:00
650,2026-08-03T22:36:21.182972+00:00
651,2026-08-03T22:36:21.399977+00:00
652,2026-08-03T22:36:21.615980+00:00
653,2026-08-03T22:36:21.832241+00:00
654,2026-08-03T22:36:22.050181+00:00
655,2026-08-03T22:36:22.266658+00:00
656,2026-08-03T22:36:22.482883+00:00
657,2026-08-03T22:36:22.698699+00:00
658,2026-08-03T22:36:22.915655+00:00
659,2026-08-03T22:36:23.131700+00:00
660,2026-08-03T22:36:23.347635+00:00
661,2026-08-03T22:36:23.562598+00:00
662,2026-08-03T22:36:23.778079+00:00
663,2026-08-03T22:36:23.993897+00:00
664,2026-08-03T22:36:24.210770+00:00
665,2026-08-03T22:36:24.427382+00:00
666,2026-08-03T22:36:24.643770+00:00
667,2026-08-03T22:36:24.859801+00:00
668,2026-08-03T22:36:25.075273+00:00
669,2026-08-03T22:36:25.291641+00:00
670,2026-08-03T22:36:25.507269+00:00
671,2026-08-03T22:36:25.723962+00:00
672,2026-08-03T22:36:25.939702+00:00
673,2026-08-03T22:36:26.155570+00:00
674,2026-08-03T22:36:26.371491+00:00
675,2026-08-03T22:36:26.587353+00:00
676,2026-08-03T22:36:26.804154+00:00
677,2026-08-03T22:36:27.020802+00:00
678,2026-08-03T22:36:27.236585+00:00
679,2026-08-03T22:36:27.452870+00:00
680,2026-08-03T22:36:27.668775+00:00
681,2026-08-03T22:36:27.884497+00:00
682,2026-08-03T22:36:28.100629+00:00
683,2026-08-03T22:36:28.316753+00:00
684,2026-08-03T22:36:28.532323+00:00
685,2026-08-03T22:36:28.747762+00:00
686,2026-08-03T22:36:28.963834+00:00
687,2026-08-03T22:36:29.179599+00:00
688,2026-08-03T22:36:29.395960+00:00
689,2026-08-03T22:36:29.613070+00:00
690,2026-08-03T22:36:29.829456+00:00
691,2026-08-03T22:36:30.045979+00:00
692,2026-08-03T22:36:30.261936+00:00
693,2026-08-03T22:36:30.476552+00:00
694,2026-08-03T22:36:30.691637+00:00
695,2026-08-03T22:36:30.906549+00:00
696,2026-08-03T22:36:31.121579+00:00
697,2026-08-03T22:36:31.336451+00:00
698,2026-08-03T22:36:31.552835+00:00
699,2026-08-03T22:36:31.768009+00:00
700,2026-08-03T22:36:31.983201+00:00
701,2026-08-03T22:36:32.198746+00:00
702,2026-08-03T22:36:32.413770+00:00
703,2026-08-03T22:36:32.628598+00:00
704,2026-08-03T22:36:32.843243+00:00
705,2026-08-03T22:36:33.057552+00:00
706,2026-08-03T22:36:33.272015+00:00
707,2026-08-03T22:36:33.486299+00:00
708,2026-08-03T22:36:33.700383+00:00
709,2026-08-03T22:36:33.915245+00:00
710,2026-08-03T22:36:34.129142+00:00
711,2026-08-03T22:36:34.343618+00:00
712,2026-08-03T22:36:34.557555+00:00
713,2026-08-03T22:36:34.771884+00:00
714,2026-08-03T22:36:34.986923+00:00
715,2026-08-03T22:36:35.201134+00:00
716,2026-08-03T22:36:35.415726+00:00
717,2026-08-03T22:36:35.629490+00:00
718,2026-08-03T22:36:35.844107+00:00
719,2026-08-03T22:36:36.059605+00:00
720,2026-08-03T22:36:36.274366+00:00
721,2026-08-03T22:36:36.488780+00:00
722,2026-08-03T22:36:36.703975+00:00
723,2026-08-03T22:36:36.918276+00:00
724,2026-08-03T22:36:37.132606+00:00
725,2026-08-03T22:36:37.347266+00:00
726,2026-08-03T22:36:37.561587+00:00
727,2026-08-03T22:36:37.775955+00:00
728,2026-08-03T22:36:37.990425+00:00
729,2026-08-03T22:36:38.204954+00:00
730,2026-08-03T22:36:38.419072+00:00
731,2026-08-03T22:36:38.633209+00:00
732,2026-08-03T22:36:38.847554+00:00
733,2026-08-03T22:36:39.061360+00:00
734,2026-08-03T22:36:39.275845+00:00
735,2026-08-03T22:36:39.490369+00:00
736,2026-08-03T22:36:39.704742+00:00
737,2026-08-03T22:36:39.920425+00:00
738,2026-08-03T22:36:40.135255+00:00
739,2026-08-03T22:36:40.349882+00:00
740,2026-08-03T22:36:40.564468+00:00
741,2026-08-03T22:36:40.778549+00:00
742,2026-08-03T22:36:40.993119+00:00
743,2026-08-03T22:36:41.206548+00:00
744,2026-08-03T22:36:41.421283+00:00
745,2026-08-03T22:36:41.636132+00:00
746,2026-08-03T22:36:41.850101+00:00
747,2026-08-03T22:36:42.064029+00:00
748,2026-08-03T22:36:42.277408+00:00
749,2026-08-03T22:36:42.490974+00:00
750,2026-08-03T22:36:42.706160+00:00
751,2026-08-03T22:36:42.920817+00:00
752,2026-08-03T22:36:43.135717+00:00
753,2026-08-03T22:36:43.350020+00:00
754,2026-08-03T22:36:43.564239+00:00
755,2026-08-03T22:36:43.779209+00:00
756,2026-08-03T22:36:43.994288+00:00
757,2026-08-03T22:36:44.208798+00:00
758,2026-08-03T22:36:44.423616+00:00
759,2026-08-03T22:36:44.638499+00:00
760,2026-08-03T22:36:44.852432+00:00
761,2026-08-03T22:36:45.067285+00:00
762,2026-08-03T22:36:45.281650+00:00
763,2026-08-03T22:36:45.498127+00:00
764,2026-08-03T22:36:45.713162+00:00
765,2026-08-03T22:36:45.928054+00:00
766,2026-08-03T22:36:46.143748+00:00
767,2026-08-03T22:36:46.358404+00:00
768,2026-08-03T22:36:46.572716+00:00
769,2026-08-03T22:36:46.787358+00:00
770,2026-08-03T22:36:47.002493+00:00
771,2026-08-03T22:36:47.219169+00:00
772,2026-08-03T22:36:47.434733+00:00
773,2026-08-03T22:36:47.650337+00:00
774,2026-08-03T22:36:47.866651+00:00
775,2026-08-03T22:36:48.082152+00:00
776,2026-08-03T22:36:48.297935+00:00
777,2026-08-03T22:36:48.513384+00:00
778,2026-08-03T22:36:48.728919+00:00
779,2026-08-03T22:36:48.944455+00:00
780,2026-08-03T22:36:49.160132+00:00
781,2026-08-03T22:36:49.375740+00:00
782,2026-08-03T22:36:49.591137+00:00
783,2026-08-03T22:36:49.808037+00:00
784,2026-08-03T22:36:50.023338+00:00
785,2026-08-03T22:36:50.238158+00:00
786,2026-08-03T22:36:50.453107+00:00
787,2026-08-03T22:36:50.667271+00:00
788,2026-08-03T22:36:50.882342+00:00
789,2026-08-03T22:36:51.097336+00:00
790,2026-08-03T22:36:51.312417+00:00
791,2026-08-03T22:36:51.527196+00:00
792,2026-08-03T22:36:51.742118+00:00
793,2026-08-03T22:36:51.957930+00:00
794,2026-08-03T22:36:52.172728+00:00
795,2026-08-03T22:36:52.387402+00:00
796,2026-08-03T22:36:52.602024+00:00
797,2026-08-03T22:36:52.817200+00:00
798,2026-08-03T22:36:53.032305+00:00
799,2026-08-03T22:36:53.246647+00:00
800,2026-08-03T22:36:53.461259+00:00
801,2026-08-03T22:36:53.675760+00:00
802,2026-08-03T22:36:53.891107+00:00
803,2026-08-03T22:36:54.105856+00:00
804,2026-08-03T22:36:54.320604+00:00
805,2026-08-03T22:36:54.536030+00:00
806,2026-08-03T22:36:54.751032+00:00
807,2026-08-03T22:36:54.965401+00:00
808,2026-08-03T22:36:55.180059+00:00
809,2026-08-03T22:36:55.394837+00:00
810,2026-08-03T22:36:55.610313+00:00
811,2026-08-03T22:36:55.826411+00:00
812,2026-08-03T22:36:56.041551+00:00
813,2026-08-03T22:36:56.256549+00:00
814,2026-08-03T22:36:56.471308+00:00
815,2026-08-03T22:36:56.686296+00:00
816,2026-08-03T22:36:56.900727+00:00
817,2026-08-03T22:36:57.116121+00:00
818,2026-08-03T22:36:57.330864+00:00
819,2026-08-03T22:36:57.546015+00:00
820,2026-08-03T22:36:57.761076+00:00
821,2026-08-03T22:36:57.976294+00:00
822,2026-08-03T22:36:58.191842+00:00
823,2026-08-03T22:36:58.408266+00:00
824,2026-08-03T22:36:58.623044+00:00
825,2026-08-03T22:36:58.837159+00:00
826,2026-08-03T22:36:59.052333+00:00
827,2026-08-03T22:36:59.267381+00:00
828,2026-08-03T22:36:59.482055+00:00
829,2026-08-03T22:36:59.697233+00:00
830,2026-08-03T22:36:59.912072+00:00
831,2026-08-03T22:37:00.127119+00:00
832,2026-08-03T22:37:00.342263+00:00
833,2026-08-03T22:37:00.557164+00:00
834,2026-08-03T22:37:00.771987+00:00
835,2026-08-03T22:37:00.986451+00:00
836,2026-08-03T22:37:01.200673+00:00
837,2026-08-03T22:37:01.415303+00:00
838,2026-08-03T22:37:01.630252+00:00
839,2026-08-03T22:37:01.845087+00:00
840,2026-08-03T22:37:02.060694+00:00
841,2026-08-03T22:37:02.274968+00:00
842,2026-08-03T22:37:02.489613+00:00
843,2026-08-03T22:37:02.705922+00:00
844,2026-08-03T22:37:02.921288+00:00
845,2026-08-03T22:37:03.136368+00:00
846,2026-08-03T22:37:03.350907+00:00
847,2026-08-03T22:37:03.566104+00:00
848,2026-08-03T22:37:03.780724+00:00
849,2026-08-03T22:37:03.995584+00:00
850,2026-08-03T22:37:04.209996+00:00
851,2026-08-03T22:37:04.425438+00:00
852,2026-08-03T22:37:04.641281+00:00
853,2026-08-03T22:37:04.856081+00:00
854,2026-08-03T22:37:05.071280+00:00
855,2026-08-03T22:37:05.286435+00:00
856,2026-08-03T22:37:05.501343+00:00
857,2026-08-03T22:37:05.717497+00:00
858,2026-08-03T22:37:05.932547+00:00
859,2026-08-03T22:37:06.147176+00:00
860,2026-08-03T22:37:06.363250+00:00
861,2026-08-03T22:37:06.577767+00:00
862,2026-08-03T22:37:06.792810+00:00
863,2026-08-03T22:37:07.008122+00:00
864,2026-08-03T22:37:07.223355+00:00
865,2026-08-03T22:37:07.438694+00:00
866,2026-08-03T22:37:07.654583+00:00
867,2026-08-03T22:37:07.872621+00:00
868,2026-08-03T22:37:08.088313+00:00
869,2026-08-03T22:37:08.303452+00:00
870,2026-08-03T22:37:08.518959+00:00
871,2026-08-03T22:37:08.735169+00:00
872,2026-08-03T22:37:08.949019+00:00
873,2026-08-03T22:37:09.162928+00:00
874,2026-08-03T22:37:09.377762+00:00
875,2026-08-03T22:37:09.592460+00:00
876,2026-08-03T22:37:09.808538+00:00
877,2026-08-03T22:37:10.023689+00:00
878,2026-08-03T22:37:10.238253+00:00
879,2026-08-03T22:37:10.453367+00:00
880,2026-08-03T22:37:10.668331+00:00
881,2026-08-03T22:37:10.883242+00:00
882,2026-08-03T22:37:11.100536+00:00
883,2026-08-03T22:37:11.315746+00:00
884,2026-08-03T22:37:11.530697+00:00
885,2026-08-03T22:37:11.745315+00:00
886,2026-08-03T22:37:11.960976+00:00
887,2026-08-03T22:37:12.176121+00:00
888,2026-08-03T22:37:12.391601+00:00
889,2026-08-03T22:37:12.607051+00:00
890,2026-08-03T22:37:12.822852+00:00
891,2026-08-03T22:37:13.038111+00:00
892,2026-08-03T22:37:13.253205+00:00
893,2026-08-03T22:37:13.468549+00:00
894,2026-08-03T22:37:13.682844+00:00
895,2026-08-03T22:37:13.898317+00:00
896,2026-08-03T22:37:14.113229+00:00
897,2026-08-03T22:37:14.327443+00:00
898,2026-08-03T22:37:14.542992+00:00
899,2026-08-03T22:37:14.758501+00:00
900,2026-08-03T22:37:14.973272+00:00
901,2026-08-03T22:37:15.188339+00:00
902,2026-08-03T22:37:15.403063+00:00
903,2026-08-03T22:37:15.618266+00:00
904,2026-08-03T22:37:15.834550+00:00
905,2026-08-03T22:37:16.050120+00:00
906,2026-08-03T22:37:16.264736+00:00
907,2026-08-03T22:37:16.480193+00:00
908,2026-08-03T22:37:16.695983+00:00
909,2026-08-03T22:37:16.910933+00:00
910,2026-08-03T22:37:17.126392+00:00
911,2026-08-03T22:37:17.341148+00:00
912,2026-08-03T22:37:17.556418+00:00
913,2026-08-03T22:37:17.771530+00:00
914,2026-08-03T22:37:17.986444+00:00
915,2026-08-03T22:37:18.201318+00:00
916,2026-08-03T22:37:18.416537+00:00
917,2026-08-03T22:37:18.631928+00:00
918,2026-08-03T22:37:18.846056+00:00
919,2026-08-03T22:37:19.060621+00:00
920,2026-08-03T22:37:19.275366+00:00
921,2026-08-03T22:37:19.489773+00:00
922,2026-08-03T22:37:19.704322+00:00
923,2026-08-03T22:37:19.918226+00:00
924,2026-08-03T22:37:20.132890+00:00
925,2026-08-03T22:37:20.347444+00:00
926,2026-08-03T22:37:20.562213+00:00
927,2026-08-03T22:37:20.776859+00:00
928,2026-08-03T22:37:20.991939+00:00
929,2026-08-03T22:37:21.207239+00:00
930,2026-08-03T22:37:21.423431+00:00
931,2026-08-03T22:37:21.638543+00:00
932,2026-08-03T22:37:21.853549+00:00
933,2026-08-03T22:37:22.068226+00:00
934,2026-08-03T22:37:22.283093+00:00
935,2026-08-03T22:37:22.499205+00:00
936,2026-08-03T22:37:22.714440+00:00
937,2026-08-03T22:37:22.929998+00:00
938,2026-08-03T22:37:23.144754+00:00
939,2026-08-03T22:37:23.359854+00:00
